scenario,timestamp,is_entry,direction,reference_price,fill_price,requested_quantity,filled_quantity,unfilled_quantity,status,spread_cost,slippage_cost,impact_cost,latency_cost,commission,explanation
volume-aware,2018-01-02T09:35:00-05:00,True,short,156.27,156.26843905606194,159,104,55,partially_filled,0.0,0.0,0.16233816955924588,0.0,0.052000000000000005,0.000999 participation; linear impact 0.099888 bps
volume-aware,2018-01-04T09:35:00-05:00,True,long,160.68,160.681597505423,156,88,68,partially_filled,0.0,0.0,0.14058047722342734,0.0,0.044,0.000994 participation; linear impact 0.099422 bps
volume-aware,2018-01-05T09:35:00-05:00,True,short,160.86,160.858394596213,156,110,46,partially_filled,0.0,0.0,0.17659441657064573,0.0,0.055,0.000998 participation; linear impact 0.099801 bps
volume-aware,2018-01-08T09:35:00-05:00,True,long,162.06,162.06160633043135,154,60,94,partially_filled,0.0,0.0,0.09637982588009845,0.0,0.03,0.000991 participation; linear impact 0.099119 bps
volume-aware,2018-01-10T09:35:00-05:00,True,long,161.94,161.94161558243854,155,135,20,partially_filled,0.0,0.0,0.2181036292021076,0.0,0.0675,0.000998 participation; linear impact 0.099764 bps
volume-aware,2018-01-11T09:35:00-05:00,True,short,162.45,162.44837775021742,154,62,92,partially_filled,0.0,0.0,0.10057948651869987,0.0,0.031,0.000999 participation; linear impact 0.099861 bps
volume-aware,2018-01-19T09:35:00-05:00,True,short,166.28,166.27834074477252,150,66,84,partially_filled,0.0,0.0,0.10951084501292695,0.0,0.033,0.000998 participation; linear impact 0.099787 bps
volume-aware,2018-01-22T09:35:00-05:00,True,short,166.23,166.22835773070878,150,66,84,partially_filled,0.0,0.0,0.10838977322056731,0.0,0.033,0.000988 participation; linear impact 0.098795 bps
volume-aware,2018-01-31T09:35:00-05:00,True,long,169.785,169.78669116107932,146,134,12,partially_filled,0.0,0.0,0.22661558462796402,0.0,0.067,0.000996 participation; linear impact 0.099606 bps
volume-aware,2018-02-21T09:35:00-05:00,True,long,166.21,166.2116538093349,156,153,3,partially_filled,0.0,0.0,0.25303282824012957,0.0,0.0765,0.000995 participation; linear impact 0.099501 bps
volume-aware,2018-02-22T09:35:00-05:00,True,long,165.98,165.98165681182152,155,112,43,partially_filled,0.0,0.0,0.18556292401204968,0.0,0.056,0.000998 participation; linear impact 0.099820 bps
volume-aware,2018-02-23T09:35:00-05:00,True,long,166.21,166.21165873374622,155,102,53,partially_filled,0.0,0.0,0.1691908421145323,0.0,0.051000000000000004,0.000998 participation; linear impact 0.099797 bps
volume-aware,2018-02-27T09:35:00-05:00,True,short,170.17,170.16830120038958,152,123,29,partially_filled,0.0,0.0,0.2089523520818115,0.0,0.0615,0.000998 participation; linear impact 0.099830 bps
volume-aware,2018-02-28T09:35:00-05:00,True,short,169.08,169.07831871254743,153,152,1,partially_filled,0.0,0.0,0.255555692790789,0.0,0.076,0.000994 participation; linear impact 0.099437 bps
volume-aware,2018-03-01T09:35:00-05:00,True,long,167.58,167.58167069060642,154,103,51,partially_filled,0.0,0.0,0.17208113245898463,0.0,0.051500000000000004,0.000997 participation; linear impact 0.099695 bps
volume-aware,2018-03-05T09:35:00-05:00,True,long,165.67,165.6716345900192,155,57,98,partially_filled,0.0,0.0,0.09317163109518616,0.0,0.0285,0.000987 participation; linear impact 0.098665 bps
volume-aware,2018-03-08T09:35:00-05:00,True,long,169.79,169.79168716808869,150,133,17,partially_filled,0.0,0.0,0.22439335579696065,0.0,0.0665,0.000994 participation; linear impact 0.099368 bps
volume-aware,2018-03-12T09:35:00-04:00,True,short,173.49,173.48827791380268,146,93,53,partially_filled,0.0,0.0,0.16015401635144944,0.0,0.0465,0.000993 participation; linear impact 0.099261 bps
volume-aware,2018-03-13T09:35:00-04:00,True,long,174.96,174.96174035224593,145,102,43,partially_filled,0.0,0.0,0.17751592908271732,0.0,0.051000000000000004,0.000995 participation; linear impact 0.099471 bps
volume-aware,2018-03-14T09:35:00-04:00,True,short,172.29,172.28827717490543,147,138,9,partially_filled,0.0,0.0,0.2377498630494326,0.0,0.069,0.001000 participation; linear impact 0.099996 bps
volume-aware,2018-03-15T09:35:00-04:00,True,short,171.56,171.5582930576118,148,125,23,partially_filled,0.0,0.0,0.21336779852587676,0.0,0.0625,0.000995 participation; linear impact 0.099495 bps
volume-aware,2018-03-16T09:35:00-04:00,True,long,171.86,171.86170937350207,148,83,65,partially_filled,0.0,0.0,0.1418780006710766,0.0,0.0415,0.000995 participation; linear impact 0.099463 bps
volume-aware,2018-03-21T09:35:00-04:00,True,long,167.35,167.35166446433647,153,147,6,partially_filled,0.0,0.0,0.24467625745950558,0.0,0.0735,0.000995 participation; linear impact 0.099460 bps
volume-aware,2018-03-27T09:35:00-04:00,True,short,164.97,164.9683593750652,153,143,10,partially_filled,0.0,0.0,0.23460936567657223,0.0,0.07150000000000001,0.000994 participation; linear impact 0.099450 bps
volume-aware,2018-04-06T09:35:00-04:00,True,long,159.4599,159.46148787770943,166,146,20,partially_filled,0.0,0.0,0.23183014557557732,0.0,0.073,0.000996 participation; linear impact 0.099578 bps
volume-aware,2018-04-12T09:35:00-04:00,True,long,161.4,161.40160978332875,162,134,28,partially_filled,0.0,0.0,0.21571096605161105,0.0,0.067,0.000997 participation; linear impact 0.099739 bps
volume-aware,2018-04-16T09:35:00-04:00,True,short,162.36,162.35838661156825,162,82,80,partially_filled,0.0,0.0,0.1322978514039191,0.0,0.041,0.000994 participation; linear impact 0.099371 bps
volume-aware,2018-04-17T09:35:00-04:00,True,short,164.06,164.05836514146748,160,84,76,partially_filled,0.0,0.0,0.1373281167329023,0.0,0.042,0.000997 participation; linear impact 0.099650 bps
volume-aware,2018-04-19T09:35:00-04:00,True,short,165.48,165.47834927179622,158,90,68,partially_filled,0.0,0.0,0.14856553833876437,0.0,0.045,0.000998 participation; linear impact 0.099754 bps
volume-aware,2018-04-23T09:35:00-04:00,True,short,162.9,162.89837978516488,162,135,27,partially_filled,0.0,0.0,0.21872900274069493,0.0,0.0675,0.000995 participation; linear impact 0.099461 bps
volume-aware,2018-04-24T09:35:00-04:00,True,short,162.46,162.45838538425653,163,147,16,partially_filled,0.0,0.0,0.23734851428919132,0.0,0.0735,0.000994 participation; linear impact 0.099385 bps
volume-aware,2018-04-25T09:35:00-04:00,True,short,158.5,158.49842117178304,166,121,45,partially_filled,0.0,0.0,0.19103821425337317,0.0,0.0605,0.000996 participation; linear impact 0.099611 bps
volume-aware,2018-04-30T09:35:00-04:00,True,short,162.37,162.3683847539892,163,124,39,partially_filled,0.0,0.0,0.2002905053389919,0.0,0.062,0.000995 participation; linear impact 0.099479 bps
volume-aware,2018-05-04T09:35:00-04:00,True,long,161.34,161.34160572046733,164,138,26,partially_filled,0.0,0.0,0.2215894244915621,0.0,0.069,0.000995 participation; linear impact 0.099524 bps
volume-aware,2018-05-07T09:35:00-04:00,True,long,165.905,165.90665855473713,162,144,18,partially_filled,0.0,0.0,0.23883188214630358,0.0,0.07200000000000001,0.001000 participation; linear impact 0.099970 bps
volume-aware,2018-05-08T09:35:00-04:00,True,long,166.06,166.06165316769147,162,119,43,partially_filled,0.0,0.0,0.19672695528506298,0.0,0.059500000000000004,0.000996 participation; linear impact 0.099552 bps
volume-aware,2018-05-09T09:35:00-04:00,True,long,166.478,166.479649065377,162,102,60,partially_filled,0.0,0.0,0.16820466845356022,0.0,0.051000000000000004,0.000991 participation; linear impact 0.099056 bps
volume-aware,2018-05-10T09:35:00-04:00,True,short,168.36,168.3583323576125,160,58,102,partially_filled,0.0,0.0,0.09672325847493811,0.0,0.029,0.000991 participation; linear impact 0.099052 bps
volume-aware,2018-05-11T09:35:00-04:00,True,long,169.4,169.40169050105595,159,43,116,partially_filled,0.0,0.0,0.07269154540602012,0.0,0.021500000000000002,0.000998 participation; linear impact 0.099793 bps
volume-aware,2018-05-14T09:35:00-04:00,True,long,170.0261,170.02779890718335,158,64,94,partially_filled,0.0,0.0,0.10873005973364976,0.0,0.032,0.000999 participation; linear impact 0.099920 bps
volume-aware,2018-05-16T09:35:00-04:00,True,long,168.13,168.13166264717697,160,64,96,partially_filled,0.0,0.0,0.10640941932692603,0.0,0.032,0.000989 participation; linear impact 0.098891 bps
volume-aware,2018-05-17T09:35:00-04:00,True,long,168.5,168.5016495610434,159,31,128,partially_filled,0.0,0.0,0.051136392345102,0.0,0.0155,0.000979 participation; linear impact 0.097897 bps
volume-aware,2018-05-18T09:35:00-04:00,True,short,167.57,167.56834106707208,160,84,76,partially_filled,0.0,0.0,0.13935036594420677,0.0,0.042,0.000990 participation; linear impact 0.098999 bps
volume-aware,2018-05-22T09:35:00-04:00,True,long,169.23,169.2316832311627,158,147,11,partially_filled,0.0,0.0,0.24743498091912958,0.0,0.0735,0.000995 participation; linear impact 0.099464 bps
volume-aware,2018-05-23T09:35:00-04:00,True,long,167.05,167.05166311464345,160,118,42,partially_filled,0.0,0.0,0.19624752792683342,0.0,0.059000000000000004,0.000996 participation; linear impact 0.099558 bps
volume-aware,2018-05-24T09:35:00-04:00,True,long,169.64,169.64169191125583,159,147,12,partially_filled,0.0,0.0,0.24871095461021775,0.0,0.0735,0.000997 participation; linear impact 0.099735 bps
volume-aware,2018-05-25T09:35:00-04:00,True,short,169.24,169.23831527636176,159,124,35,partially_filled,0.0,0.0,0.2089057311443825,0.0,0.062,0.000995 participation; linear impact 0.099546 bps
volume-aware,2018-05-30T09:35:00-04:00,True,short,169.61,169.60831045743257,158,101,57,partially_filled,0.0,0.0,0.1706437993135553,0.0,0.0505,0.000996 participation; linear impact 0.099613 bps
volume-aware,2018-05-31T09:35:00-04:00,True,long,170.25,170.2516924967605,157,145,12,partially_filled,0.0,0.0,0.24541203027622946,0.0,0.0725,0.000994 participation; linear impact 0.099412 bps
volume-aware,2018-06-04T09:35:00-04:00,True,long,173.46,173.46172233821602,155,109,46,partially_filled,0.0,0.0,0.1877348655443813,0.0,0.0545,0.000993 participation; linear impact 0.099293 bps
volume-aware,2018-06-05T09:35:00-04:00,True,short,174.62,174.6182780077176,155,69,86,partially_filled,0.0,0.0,0.11881746748606545,0.0,0.0345,0.000986 participation; linear impact 0.098614 bps
volume-aware,2018-06-06T09:35:00-04:00,True,long,175.1,175.10174438450406,154,106,48,partially_filled,0.0,0.0,0.1849047574293716,0.0,0.053,0.000996 participation; linear impact 0.099622 bps
volume-aware,2018-06-11T09:35:00-04:00,True,long,174.55,174.55172810500892,156,91,65,partially_filled,0.0,0.0,0.15725755581182824,0.0,0.0455,0.000990 participation; linear impact 0.099003 bps
volume-aware,2018-06-12T09:35:00-04:00,True,long,175.35,175.35174154222764,155,142,13,partially_filled,0.0,0.0,0.24729899632802937,0.0,0.07100000000000001,0.000993 participation; linear impact 0.099318 bps
volume-aware,2018-06-13T09:35:00-04:00,True,long,176.17,176.17174372304572,154,84,70,partially_filled,0.0,0.0,0.14647273584238682,0.0,0.042,0.000990 participation; linear impact 0.098980 bps
volume-aware,2018-06-22T09:35:00-04:00,True,short,175.89,175.88824699205446,155,144,11,partially_filled,0.0,0.0,0.25243314415437,0.0,0.07200000000000001,0.000997 participation; linear impact 0.099665 bps
volume-aware,2018-06-27T09:35:00-04:00,True,short,172.77,172.76828571796065,158,81,77,partially_filled,0.0,0.0,0.13885684518705443,0.0,0.0405,0.000992 participation; linear impact 0.099223 bps
volume-aware,2018-06-29T09:35:00-04:00,True,long,172.28,172.2817183813052,158,147,11,partially_filled,0.0,0.0,0.25260205186662865,0.0,0.0735,0.000997 participation; linear impact 0.099744 bps
volume-aware,2018-07-03T09:35:00-04:00,True,short,173.05,173.0482780575323,156,99,57,partially_filled,0.0,0.0,0.17047230430587385,0.0,0.0495,0.000995 participation; linear impact 0.099505 bps
volume-aware,2018-07-09T09:35:00-04:00,True,long,176.74,176.74175210460038,154,111,43,partially_filled,0.0,0.0,0.19448361064223132,0.0,0.0555,0.000991 participation; linear impact 0.099135 bps
volume-aware,2018-07-10T09:35:00-04:00,True,short,177.18,177.1782353209988,154,85,69,partially_filled,0.0,0.0,0.14999771510258605,0.0,0.0425,0.000996 participation; linear impact 0.099598 bps
volume-aware,2018-07-12T09:35:00-04:00,True,long,177.38,177.38175429143382,153,83,70,partially_filled,0.0,0.0,0.14560618900658934,0.0,0.0415,0.000989 participation; linear impact 0.098900 bps
volume-aware,2018-07-13T09:35:00-04:00,True,long,179.6,179.60176394777818,152,41,111,partially_filled,0.0,0.0,0.07232185890525811,0.0,0.0205,0.000982 participation; linear impact 0.098215 bps
volume-aware,2018-07-17T09:35:00-04:00,True,long,177.74,177.74177574718917,154,130,24,partially_filled,0.0,0.0,0.23084713459011233,0.0,0.065,0.000999 participation; linear impact 0.099907 bps
volume-aware,2018-07-18T09:35:00-04:00,True,short,180.26,180.25821105930757,153,96,57,partially_filled,0.0,0.0,0.17173830647245508,0.0,0.048,0.000992 participation; linear impact 0.099242 bps
volume-aware,2018-07-19T09:35:00-04:00,True,long,179.68,179.6817861302221,154,114,40,partially_filled,0.0,0.0,0.20361884531875374,0.0,0.057,0.000994 participation; linear impact 0.099406 bps
volume-aware,2018-07-20T09:35:00-04:00,True,short,179.43,179.4282206388126,154,91,63,partially_filled,0.0,0.0,0.16192186805283118,0.0,0.0455,0.000992 participation; linear impact 0.099167 bps
volume-aware,2018-07-25T09:35:00-04:00,True,long,180.66,180.66179391181126,152,96,56,partially_filled,0.0,0.0,0.1722155338801601,0.0,0.048,0.000993 participation; linear impact 0.099298 bps
volume-aware,2018-08-06T09:35:00-04:00,True,long,180.08,180.08179416652195,160,109,51,partially_filled,0.0,0.0,0.19556415089165746,0.0,0.0545,0.000996 participation; linear impact 0.099632 bps
volume-aware,2018-08-08T09:35:00-04:00,True,short,181.36,181.35819170895704,159,156,3,partially_filled,0.0,0.0,0.2820934027023227,0.0,0.078,0.000997 participation; linear impact 0.099707 bps
volume-aware,2018-08-09T09:35:00-04:00,True,short,181.82,181.81818226033667,159,154,5,partially_filled,0.0,0.0,0.27993190815313007,0.0,0.077,0.001000 participation; linear impact 0.099975 bps
volume-aware,2018-08-10T09:35:00-04:00,True,long,180.91,180.91179836220624,159,103,56,partially_filled,0.0,0.0,0.18523130724315975,0.0,0.051500000000000004,0.000994 participation; linear impact 0.099406 bps
volume-aware,2018-08-14T09:35:00-04:00,True,short,180.97,180.96819212319778,159,118,41,partially_filled,0.0,0.0,0.21332946266053723,0.0,0.059000000000000004,0.000999 participation; linear impact 0.099899 bps
volume-aware,2018-08-16T09:35:00-04:00,True,long,180.62,180.6218020047078,159,128,31,partially_filled,0.0,0.0,0.2306566025970787,0.0,0.064,0.000998 participation; linear impact 0.099768 bps
volume-aware,2018-08-20T09:35:00-04:00,True,short,180.13,180.1282003236211,159,92,67,partially_filled,0.0,0.0,0.1655702268605497,0.0,0.046,0.000999 participation; linear impact 0.099910 bps
volume-aware,2018-08-21T09:35:00-04:00,True,long,180.45,180.45180226410844,159,133,26,partially_filled,0.0,0.0,0.2397011264221079,0.0,0.0665,0.000999 participation; linear impact 0.099876 bps
volume-aware,2018-08-22T09:35:00-04:00,True,long,180.39,180.391794887774,159,95,64,partially_filled,0.0,0.0,0.170514338531793,0.0,0.0475,0.000995 participation; linear impact 0.099500 bps
volume-aware,2018-08-23T09:35:00-04:00,True,long,181.2,181.2018034305075,158,141,17,partially_filled,0.0,0.0,0.2542837015599633,0.0,0.07050000000000001,0.000995 participation; linear impact 0.099527 bps
volume-aware,2018-08-24T09:35:00-04:00,True,long,181.56,181.5617994505012,157,79,78,partially_filled,0.0,0.0,0.14215658959465052,0.0,0.0395,0.000991 participation; linear impact 0.099111 bps
volume-aware,2018-08-27T09:35:00-04:00,True,long,183.52,183.5218299553856,156,97,59,partially_filled,0.0,0.0,0.17750567240280435,0.0,0.0485,0.000997 participation; linear impact 0.099714 bps
volume-aware,2018-08-29T09:35:00-04:00,True,long,185.02,185.02182291156626,154,66,88,partially_filled,0.0,0.0,0.12031216337254437,0.0,0.033,0.000985 participation; linear impact 0.098525 bps
volume-aware,2018-08-30T09:35:00-04:00,True,long,186.55,186.55185614854685,153,105,48,partially_filled,0.0,0.0,0.194895597418719,0.0,0.0525,0.000995 participation; linear impact 0.099499 bps
volume-aware,2018-08-31T09:35:00-04:00,True,long,186.54,186.54184296762838,153,64,89,partially_filled,0.0,0.0,0.11794992821747788,0.0,0.032,0.000988 participation; linear impact 0.098797 bps
volume-aware,2018-09-05T09:35:00-04:00,True,short,185.12,185.11815575399183,154,109,45,partially_filled,0.0,0.0,0.2010228148906417,0.0,0.0545,0.000996 participation; linear impact 0.099624 bps
volume-aware,2018-09-11T09:35:00-04:00,True,short,180.74,180.73819522800133,161,114,47,partially_filled,0.0,0.0,0.20574400784822106,0.0,0.057,0.000999 participation; linear impact 0.099855 bps
volume-aware,2018-09-19T09:35:00-04:00,True,long,183.06,183.06182952140156,160,134,26,partially_filled,0.0,0.0,0.2451558678092766,0.0,0.067,0.000999 participation; linear impact 0.099941 bps
volume-aware,2018-09-26T09:35:00-04:00,True,long,184.68,184.6818367859841,157,104,53,partially_filled,0.0,0.0,0.191025742347012,0.0,0.052000000000000005,0.000995 participation; linear impact 0.099458 bps
volume-aware,2018-09-27T09:35:00-04:00,True,long,185.08,185.08184904340877,157,140,17,partially_filled,0.0,0.0,0.2588660772266347,0.0,0.07,0.000999 participation; linear impact 0.099905 bps
volume-aware,2018-10-01T09:35:00-04:00,True,long,187.09,187.09186579361747,155,114,41,partially_filled,0.0,0.0,0.21270047239134998,0.0,0.057,0.000997 participation; linear impact 0.099727 bps
volume-aware,2018-11-26T09:35:00-05:00,True,short,161.33,161.3283912363394,194,172,22,partially_filled,0.0,0.0,0.276707349624605,0.0,0.08600000000000001,0.000997 participation; linear impact 0.099719 bps
volume-aware,2018-11-27T09:35:00-05:00,True,long,162.3,162.30161989806754,193,188,5,partially_filled,0.0,0.0,0.30454083669568915,0.0,0.094,0.000998 participation; linear impact 0.099809 bps
volume-aware,2018-11-28T09:35:00-05:00,True,short,164.52,164.518360869214,190,185,5,partially_filled,0.0,0.0,0.3032391954115841,0.0,0.0925,0.000996 participation; linear impact 0.099631 bps
volume-aware,2018-11-30T09:35:00-05:00,True,short,167.76,167.75832631578947,185,106,79,partially_filled,0.0,0.0,0.17741052631578946,0.0,0.053,0.000998 participation; linear impact 0.099767 bps
volume-aware,2018-12-11T09:35:00-05:00,True,short,165.3,165.29835506947055,185,159,26,partially_filled,0.0,0.0,0.26154395418700715,0.0,0.0795,0.000995 participation; linear impact 0.099512 bps
volume-aware,2018-12-13T09:35:00-05:00,True,short,165.74,165.7383499268175,185,134,51,partially_filled,0.0,0.0,0.22110980645640627,0.0,0.067,0.000996 participation; linear impact 0.099558 bps
volume-aware,2018-12-19T09:35:00-05:00,True,long,158.62,158.62158504206508,192,167,25,partially_filled,0.0,0.0,0.2647020248680605,0.0,0.0835,0.000999 participation; linear impact 0.099927 bps
volume-aware,2019-01-11T09:35:00-05:00,True,long,160.36,160.361601159523,183,124,59,partially_filled,0.0,0.0,0.19854378085015584,0.0,0.062,0.000998 participation; linear impact 0.099848 bps
volume-aware,2019-01-16T09:35:00-05:00,True,long,163.03,163.03162184767845,181,104,77,partially_filled,0.0,0.0,0.1686721585582828,0.0,0.052000000000000005,0.000995 participation; linear impact 0.099482 bps
volume-aware,2019-01-17T09:35:00-05:00,True,long,161.86,161.8616162049012,182,83,99,partially_filled,0.0,0.0,0.13414500679715605,0.0,0.0415,0.000999 participation; linear impact 0.099852 bps
volume-aware,2019-01-22T09:35:00-05:00,True,short,163.9,163.8983647945153,181,156,25,partially_filled,0.0,0.0,0.2550920556145355,0.0,0.078,0.000998 participation; linear impact 0.099768 bps
volume-aware,2019-01-25T09:35:00-05:00,True,short,164.08,164.07837220607348,182,100,82,partially_filled,0.0,0.0,0.1627793926527049,0.0,0.05,0.000992 participation; linear impact 0.099207 bps
volume-aware,2019-01-29T09:35:00-05:00,True,short,163.18,163.1783755031727,182,115,67,partially_filled,0.0,0.0,0.18681713514028236,0.0,0.0575,0.000996 participation; linear impact 0.099552 bps
volume-aware,2019-01-30T09:35:00-05:00,True,long,163.62,163.62163508937326,182,106,76,partially_filled,0.0,0.0,0.17331947356512556,0.0,0.053,0.000999 participation; linear impact 0.099932 bps
volume-aware,2019-01-31T09:35:00-05:00,True,short,166.6,166.59833862892356,178,145,33,partially_filled,0.0,0.0,0.2408988060851146,0.0,0.0725,0.000997 participation; linear impact 0.099722 bps
volume-aware,2019-02-04T09:35:00-05:00,True,long,167.72,167.7216723773305,177,86,91,partially_filled,0.0,0.0,0.14382445042203879,0.0,0.043000000000000003,0.000997 participation; linear impact 0.099712 bps
volume-aware,2019-02-06T09:35:00-05:00,True,long,171.24,171.24170547411123,174,82,92,partially_filled,0.0,0.0,0.13984887712096003,0.0,0.041,0.000996 participation; linear impact 0.099596 bps
volume-aware,2019-02-08T09:35:00-05:00,True,long,167.225,167.22666918457926,177,159,18,partially_filled,0.0,0.0,0.26540034810285507,0.0,0.0795,0.000998 participation; linear impact 0.099817 bps
volume-aware,2019-02-12T09:35:00-05:00,True,short,169.57,169.56830591977845,174,114,60,partially_filled,0.0,0.0,0.1931251452558518,0.0,0.057,0.000999 participation; linear impact 0.099904 bps
volume-aware,2019-02-14T09:35:00-05:00,True,short,170.28,170.27829887515347,173,131,42,partially_filled,0.0,0.0,0.22284735489479826,0.0,0.0655,0.000999 participation; linear impact 0.099902 bps
volume-aware,2019-02-19T09:35:00-05:00,True,long,171.87,171.871715905856,171,148,23,partially_filled,0.0,0.0,0.25395406668870285,0.0,0.074,0.000998 participation; linear impact 0.099837 bps
volume-aware,2019-02-20T09:35:00-05:00,True,long,172.57,172.57172177595248,171,86,85,partially_filled,0.0,0.0,0.14807273191331383,0.0,0.043000000000000003,0.000998 participation; linear impact 0.099773 bps
volume-aware,2019-02-26T09:35:00-05:00,True,short,172.94,172.938277584301,170,91,79,partially_filled,0.0,0.0,0.15673982860707678,0.0,0.0455,0.000996 participation; linear impact 0.099596 bps
volume-aware,2019-02-27T09:35:00-05:00,True,long,173.2,173.20171513985164,169,53,116,partially_filled,0.0,0.0,0.0909024121372919,0.0,0.0265,0.000990 participation; linear impact 0.099027 bps
volume-aware,2019-02-28T09:35:00-05:00,True,long,173.19,173.1917293568282,169,102,67,partially_filled,0.0,0.0,0.17639439647577093,0.0,0.051000000000000004,0.000999 participation; linear impact 0.099853 bps
volume-aware,2019-03-01T09:35:00-05:00,True,short,174.32,174.3182573024956,168,163,5,partially_filled,0.0,0.0,0.2840596932172932,0.0,0.0815,0.001000 participation; linear impact 0.099971 bps
volume-aware,2019-03-04T09:35:00-05:00,True,long,175.56,175.5617528424795,167,164,3,partially_filled,0.0,0.0,0.2874661666402854,0.0,0.082,0.000998 participation; linear impact 0.099843 bps
volume-aware,2019-03-06T09:35:00-05:00,True,short,174.57,174.56826251011702,167,91,76,partially_filled,0.0,0.0,0.1581115793503226,0.0,0.0455,0.000995 participation; linear impact 0.099530 bps
volume-aware,2019-03-11T09:35:00-04:00,True,long,172.34,172.3417204939556,171,119,52,partially_filled,0.0,0.0,0.20473878071492688,0.0,0.059500000000000004,0.000998 participation; linear impact 0.099831 bps
volume-aware,2019-03-13T09:35:00-04:00,True,short,176.54,176.53824096145445,168,73,95,partially_filled,0.0,0.0,0.12840981382397904,0.0,0.0365,0.000996 participation; linear impact 0.099640 bps
volume-aware,2019-03-14T09:35:00-04:00,True,short,176.97,176.96823559322033,168,80,88,partially_filled,0.0,0.0,0.14115254237288136,0.0,0.04,0.000997 participation; linear impact 0.099701 bps
volume-aware,2019-03-15T09:35:00-04:00,True,short,177.33,177.3282280621772,167,160,7,partially_filled,0.0,0.0,0.2835100516477958,0.0,0.08,0.000999 participation; linear impact 0.099923 bps
volume-aware,2019-03-19T09:35:00-04:00,True,long,179.32,179.32178976657025,165,98,67,partially_filled,0.0,0.0,0.17539712388479242,0.0,0.049,0.000998 participation; linear impact 0.099809 bps
volume-aware,2019-03-22T09:35:00-04:00,True,long,182.07,182.07181427567954,165,122,43,partially_filled,0.0,0.0,0.22134163290642966,0.0,0.061,0.000996 participation; linear impact 0.099647 bps
volume-aware,2019-03-26T09:35:00-04:00,True,long,179.74,179.74179435834378,167,164,3,partially_filled,0.0,0.0,0.29427476838042826,0.0,0.082,0.000998 participation; linear impact 0.099831 bps
volume-aware,2019-03-27T09:35:00-04:00,True,long,179.43,179.4317930372977,167,142,25,partially_filled,0.0,0.0,0.25461129627023227,0.0,0.07100000000000001,0.000999 participation; linear impact 0.099930 bps
volume-aware,2019-03-29T09:35:00-04:00,True,short,179.61,179.6082039403609,166,89,77,partially_filled,0.0,0.0,0.15984930788072177,0.0,0.0445,0.001000 participation; linear impact 0.099998 bps
volume-aware,2019-04-03T09:35:00-04:00,True,short,183.57,183.56816944745117,162,117,45,partially_filled,0.0,0.0,0.21417464821143964,0.0,0.0585,0.000997 participation; linear impact 0.099720 bps
volume-aware,2019-04-04T09:35:00-04:00,True,long,183.99,183.9918209963239,161,84,77,partially_filled,0.0,0.0,0.15296369120558018,0.0,0.042,0.000990 participation; linear impact 0.098973 bps
volume-aware,2019-04-11T09:35:00-04:00,True,short,185.63,185.62815412268102,159,99,60,partially_filled,0.0,0.0,0.18274185457869202,0.0,0.0495,0.000994 participation; linear impact 0.099439 bps
volume-aware,2019-04-15T09:35:00-04:00,True,long,185.99,185.99184398444496,159,103,56,partially_filled,0.0,0.0,0.18993039782845153,0.0,0.051500000000000004,0.000991 participation; linear impact 0.099144 bps
volume-aware,2019-04-16T09:35:00-04:00,True,short,186.3762,186.37434130603887,159,150,9,partially_filled,0.0,0.0,0.27880409416989677,0.0,0.075,0.000997 participation; linear impact 0.099728 bps
volume-aware,2019-04-17T09:35:00-04:00,True,short,187.73,187.72812760389456,157,84,73,partially_filled,0.0,0.0,0.15728127285680357,0.0,0.042,0.000997 participation; linear impact 0.099739 bps
volume-aware,2019-04-18T09:35:00-04:00,True,short,187.27,187.26812931934404,158,151,7,partially_filled,0.0,0.0,0.28247277905307516,0.0,0.0755,0.000999 participation; linear impact 0.099892 bps
volume-aware,2019-04-22T09:35:00-04:00,True,long,186.63,186.63186371946534,158,78,80,partially_filled,0.0,0.0,0.14537011829774157,0.0,0.039,0.000999 participation; linear impact 0.099862 bps
volume-aware,2019-04-23T09:35:00-04:00,True,short,188.27,188.2681386151268,158,82,76,partially_filled,0.0,0.0,0.15263355960404637,0.0,0.041,0.000989 participation; linear impact 0.098868 bps
volume-aware,2019-04-24T09:35:00-04:00,True,short,190.38,190.37811246383896,156,73,83,partially_filled,0.0,0.0,0.1377901397547162,0.0,0.0365,0.000991 participation; linear impact 0.099146 bps
volume-aware,2019-04-26T09:35:00-04:00,True,short,189.76,189.75811268310161,156,136,20,partially_filled,0.0,0.0,0.2566750981783079,0.0,0.068,0.000995 participation; linear impact 0.099458 bps
volume-aware,2019-04-29T09:35:00-04:00,True,long,190.87,190.87189177156986,155,97,58,partially_filled,0.0,0.0,0.18350184227735317,0.0,0.0485,0.000991 participation; linear impact 0.099113 bps
volume-aware,2019-04-30T09:35:00-04:00,True,long,189.75,189.75188873433552,156,117,39,partially_filled,0.0,0.0,0.22098191725581276,0.0,0.0585,0.000995 participation; linear impact 0.099538 bps
volume-aware,2019-05-08T09:35:00-04:00,True,short,185.46,185.45814600059137,160,142,18,partially_filled,0.0,0.0,0.26326791602720245,0.0,0.07100000000000001,0.001000 participation; linear impact 0.099968 bps
volume-aware,2019-05-10T09:35:00-04:00,True,short,184.05,184.04816789324124,160,117,43,partially_filled,0.0,0.0,0.21435649077729377,0.0,0.0585,0.000995 participation; linear impact 0.099544 bps
volume-aware,2019-05-16T09:35:00-04:00,True,long,183.39,183.3918113904546,162,75,87,partially_filled,0.0,0.0,0.13585428409629668,0.0,0.0375,0.000988 participation; linear impact 0.098773 bps
volume-aware,2019-05-17T09:35:00-04:00,True,long,183.555,183.55683009559743,163,102,61,partially_filled,0.0,0.0,0.18666975093837976,0.0,0.051000000000000004,0.000997 participation; linear impact 0.099703 bps
volume-aware,2019-05-22T09:35:00-04:00,True,long,181.32,181.32180061875357,164,78,86,partially_filled,0.0,0.0,0.14044826277929848,0.0,0.039,0.000993 participation; linear impact 0.099306 bps
volume-aware,2019-05-28T09:35:00-04:00,True,long,179.15,179.15178170601604,166,165,1,partially_filled,0.0,0.0,0.2939814926434689,0.0,0.0825,0.000995 participation; linear impact 0.099453 bps
volume-aware,2019-05-30T09:35:00-04:00,True,long,176.87,176.87175522527062,167,130,37,partially_filled,0.0,0.0,0.22817928517992642,0.0,0.065,0.000992 participation; linear impact 0.099238 bps
volume-aware,2019-06-05T09:35:00-04:00,True,short,176.19,176.18824398379456,166,154,12,partially_filled,0.0,0.0,0.2704264956379922,0.0,0.077,0.000997 participation; linear impact 0.099666 bps
volume-aware,2019-06-06T09:35:00-04:00,True,short,176.28,176.27824985167464,166,83,83,partially_filled,0.0,0.0,0.14526231100478468,0.0,0.0415,0.000993 participation; linear impact 0.099282 bps
volume-aware,2019-06-07T09:35:00-04:00,True,long,178.62,178.62177784824777,164,129,35,partially_filled,0.0,0.0,0.22934242396185364,0.0,0.0645,0.000995 participation; linear impact 0.099532 bps
volume-aware,2019-06-11T09:35:00-04:00,True,long,185.17,185.1718472218863,160,99,61,partially_filled,0.0,0.0,0.1828749667472793,0.0,0.0495,0.000998 participation; linear impact 0.099758 bps
volume-aware,2019-06-12T09:35:00-04:00,True,short,182.59,182.5881869671214,162,134,28,partially_filled,0.0,0.0,0.24294640573245102,0.0,0.067,0.000993 participation; linear impact 0.099295 bps
volume-aware,2019-06-13T09:35:00-04:00,True,short,183.095,183.09317612103843,162,65,97,partially_filled,0.0,0.0,0.11855213250168578,0.0,0.0325,0.000996 participation; linear impact 0.099614 bps
volume-aware,2019-06-17T09:35:00-04:00,True,long,183.22,183.2218210197855,162,129,33,partially_filled,0.0,0.0,0.23491155232988167,0.0,0.0645,0.000994 participation; linear impact 0.099390 bps
volume-aware,2019-06-18T09:35:00-04:00,True,short,185.6,185.59816002386978,160,103,57,partially_filled,0.0,0.0,0.1895175414112053,0.0,0.051500000000000004,0.000991 participation; linear impact 0.099137 bps
volume-aware,2019-06-19T09:35:00-04:00,True,short,186.5,186.49815109938928,159,106,53,partially_filled,0.0,0.0,0.1959834647363056,0.0,0.053,0.000991 participation; linear impact 0.099137 bps
volume-aware,2019-06-21T09:35:00-04:00,True,short,188.42,188.41813057391101,158,103,55,partially_filled,0.0,0.0,0.19255088716358104,0.0,0.051500000000000004,0.000992 participation; linear impact 0.099216 bps
volume-aware,2019-06-24T09:35:00-04:00,True,short,188.515,188.51311963150843,157,105,52,partially_filled,0.0,0.0,0.19743869161275612,0.0,0.0525,0.000997 participation; linear impact 0.099746 bps
volume-aware,2019-06-25T09:35:00-04:00,True,short,187.94,187.93814235401223,158,38,120,partially_filled,0.0,0.0,0.07059054753544025,0.0,0.019,0.000988 participation; linear impact 0.098843 bps
volume-aware,2019-06-26T09:35:00-04:00,True,long,186.565,186.5668546520316,159,157,2,partially_filled,0.0,0.0,0.29118036895859584,0.0,0.0785,0.000994 participation; linear impact 0.099411 bps
volume-aware,2019-06-28T09:35:00-04:00,True,long,186.96,186.96185992837246,158,115,43,partially_filled,0.0,0.0,0.21389176283326705,0.0,0.0575,0.000995 participation; linear impact 0.099483 bps
volume-aware,2019-07-01T09:35:00-04:00,True,short,190.11,190.1081105231455,156,132,24,partially_filled,0.0,0.0,0.2494109447941451,0.0,0.066,0.000994 participation; linear impact 0.099389 bps
volume-aware,2019-07-02T09:35:00-04:00,True,short,188.905,188.9031139872154,156,77,79,partially_filled,0.0,0.0,0.14522298441470877,0.0,0.0385,0.000998 participation; linear impact 0.099839 bps
volume-aware,2019-07-03T09:35:00-04:00,True,short,190.33,190.32811477304244,155,75,80,partially_filled,0.0,0.0,0.14139202181750948,0.0,0.0375,0.000991 participation; linear impact 0.099050 bps
volume-aware,2019-07-08T09:35:00-04:00,True,short,189.53,189.5281067877204,156,146,10,partially_filled,0.0,0.0,0.27640899282298287,0.0,0.073,0.000999 participation; linear impact 0.099890 bps
volume-aware,2019-07-09T09:35:00-04:00,True,long,189.12,189.12188616308723,156,88,68,partially_filled,0.0,0.0,0.1659823516745056,0.0,0.044,0.000997 participation; linear impact 0.099734 bps
volume-aware,2019-07-10T09:35:00-04:00,True,long,192.165,192.1669098285793,154,137,17,partially_filled,0.0,0.0,0.2616465153647496,0.0,0.0685,0.000994 participation; linear impact 0.099385 bps
volume-aware,2019-07-11T09:35:00-04:00,True,long,192.98,192.9819122748482,153,79,74,partially_filled,0.0,0.0,0.1510697130098841,0.0,0.0395,0.000991 participation; linear impact 0.099092 bps
volume-aware,2019-07-12T09:35:00-04:00,True,long,192.74,192.74191263835527,153,78,75,partially_filled,0.0,0.0,0.1491857917101346,0.0,0.039,0.000992 participation; linear impact 0.099234 bps
volume-aware,2019-07-15T09:35:00-04:00,True,short,193.77,193.7680818134044,152,81,71,partially_filled,0.0,0.0,0.15537311424520925,0.0,0.0405,0.000990 participation; linear impact 0.098993 bps
volume-aware,2019-07-16T09:35:00-04:00,True,long,193.905,193.90689759802535,152,45,107,partially_filled,0.0,0.0,0.08539191114107388,0.0,0.0225,0.000979 participation; linear impact 0.097862 bps
volume-aware,2019-07-17T09:35:00-04:00,True,long,193.29,193.29190286458837,152,51,101,partially_filled,0.0,0.0,0.09704609400637006,0.0,0.025500000000000002,0.000984 participation; linear impact 0.098446 bps
volume-aware,2019-07-18T09:35:00-04:00,True,long,191.69,191.6919167722152,153,105,48,partially_filled,0.0,0.0,0.20126108259449368,0.0,0.0525,0.001000 participation; linear impact 0.099993 bps
volume-aware,2019-07-19T09:35:00-04:00,True,short,193.48,193.47807509948834,152,133,19,partially_filled,0.0,0.0,0.25601176805002845,0.0,0.0665,0.000995 participation; linear impact 0.099488 bps
volume-aware,2019-07-22T09:35:00-04:00,True,long,191.665,191.6669129551141,155,73,82,partially_filled,0.0,0.0,0.13964572332891265,0.0,0.0365,0.000998 participation; linear impact 0.099807 bps
volume-aware,2019-07-23T09:35:00-04:00,True,short,193.35,193.3480741632255,154,48,106,partially_filled,0.0,0.0,0.09244016517607023,0.0,0.024,0.000996 participation; linear impact 0.099604 bps
volume-aware,2019-07-24T09:35:00-04:00,True,long,193.38,193.3819269710849,154,57,97,partially_filled,0.0,0.0,0.10983735184084471,0.0,0.0285,0.000996 participation; linear impact 0.099647 bps
volume-aware,2019-07-25T09:35:00-04:00,True,short,194.34,194.33806090237286,154,128,26,partially_filled,0.0,0.0,0.2482044962738923,0.0,0.064,0.000998 participation; linear impact 0.099779 bps
volume-aware,2019-07-26T09:35:00-04:00,True,long,195.02,195.02194924526762,154,147,7,partially_filled,0.0,0.0,0.28653905434073107,0.0,0.0735,0.001000 participation; linear impact 0.099951 bps
volume-aware,2019-07-29T09:35:00-04:00,True,short,194.76,194.75805819483588,154,127,27,partially_filled,0.0,0.0,0.24660925584279983,0.0,0.0635,0.000997 participation; linear impact 0.099702 bps
volume-aware,2019-07-30T09:35:00-04:00,True,long,193.34,193.34191859937624,155,119,36,partially_filled,0.0,0.0,0.22831332577261132,0.0,0.059500000000000004,0.000992 participation; linear impact 0.099234 bps
volume-aware,2019-07-31T09:35:00-04:00,True,short,193.94,193.93807658956354,155,99,56,partially_filled,0.0,0.0,0.1904176332107831,0.0,0.0495,0.000992 participation; linear impact 0.099176 bps
volume-aware,2019-08-16T09:35:00-04:00,True,long,184.59,184.59184132417204,163,134,29,partially_filled,0.0,0.0,0.24673743905071727,0.0,0.067,0.000998 participation; linear impact 0.099752 bps
volume-aware,2019-08-21T09:35:00-04:00,True,short,188.505,188.50312384868988,160,144,16,partially_filled,0.0,0.0,0.2701657886551979,0.0,0.07200000000000001,0.000995 participation; linear impact 0.099528 bps
volume-aware,2019-08-22T09:35:00-04:00,True,long,189.12,189.1218856444454,159,93,66,partially_filled,0.0,0.0,0.1753649334219611,0.0,0.0465,0.000997 participation; linear impact 0.099706 bps
volume-aware,2019-08-23T09:35:00-04:00,True,long,186.86,186.8618638540753,161,108,53,partially_filled,0.0,0.0,0.20129624012930042,0.0,0.054,0.000997 participation; linear impact 0.099746 bps
volume-aware,2019-08-27T09:35:00-04:00,True,short,185.98,185.97814838295275,161,155,6,partially_filled,0.0,0.0,0.28700064232263867,0.0,0.0775,0.000996 participation; linear impact 0.099560 bps
volume-aware,2019-08-30T09:35:00-04:00,True,short,188.7266,188.72473097672017,157,71,86,partially_filled,0.0,0.0,0.13270065286708604,0.0,0.035500000000000004,0.000990 participation; linear impact 0.099033 bps
volume-aware,2019-09-04T09:35:00-04:00,True,long,187.485,187.48686327110102,158,112,46,partially_filled,0.0,0.0,0.2086863633136935,0.0,0.056,0.000994 participation; linear impact 0.099382 bps
volume-aware,2019-09-06T09:35:00-04:00,True,short,191.54,191.53809317164743,156,105,51,partially_filled,0.0,0.0,0.20021697701759705,0.0,0.0525,0.000996 participation; linear impact 0.099552 bps
volume-aware,2019-09-12T09:35:00-04:00,True,long,193.9982,194.000127732015,154,141,13,partially_filled,0.0,0.0,0.2718102141145628,0.0,0.07050000000000001,0.000994 participation; linear impact 0.099369 bps
volume-aware,2019-09-17T09:35:00-04:00,True,short,191.66,191.6580964983529,154,101,53,partially_filled,0.0,0.0,0.19225366635527802,0.0,0.0505,0.000993 participation; linear impact 0.099317 bps
volume-aware,2019-09-18T09:35:00-04:00,True,short,191.98,191.97809706476352,154,80,74,partially_filled,0.0,0.0,0.15223481891734503,0.0,0.04,0.000991 participation; linear impact 0.099122 bps
volume-aware,2019-09-19T09:35:00-04:00,True,long,193.36,193.36192188271508,153,62,91,partially_filled,0.0,0.0,0.1191567283337074,0.0,0.031,0.000994 participation; linear impact 0.099394 bps
volume-aware,2019-09-20T09:35:00-04:00,True,short,192.99,192.98808580350092,153,108,45,partially_filled,0.0,0.0,0.20673322190180557,0.0,0.054,0.000992 participation; linear impact 0.099186 bps
volume-aware,2019-09-23T09:35:00-04:00,True,short,190.14,190.13810442843965,155,107,48,partially_filled,0.0,0.0,0.20282615695664735,0.0,0.0535,0.000997 participation; linear impact 0.099693 bps
volume-aware,2019-09-25T09:35:00-04:00,True,long,187.95,187.9518705037676,156,84,72,partially_filled,0.0,0.0,0.15712231647789204,0.0,0.042,0.000995 participation; linear impact 0.099521 bps
volume-aware,2019-09-27T09:35:00-04:00,True,short,189.37,189.36811429314548,155,67,88,partially_filled,0.0,0.0,0.12634235925331433,0.0,0.0335,0.000996 participation; linear impact 0.099578 bps
volume-aware,2019-10-01T09:35:00-04:00,True,long,190.0383,190.04018372063473,155,110,45,partially_filled,0.0,0.0,0.2072092698223892,0.0,0.055,0.000991 participation; linear impact 0.099123 bps
volume-aware,2019-10-03T09:35:00-04:00,True,long,184.39,184.39182900378032,160,90,70,partially_filled,0.0,0.0,0.1646103402290236,0.0,0.045,0.000992 participation; linear impact 0.099192 bps
volume-aware,2019-10-07T09:35:00-04:00,True,long,188.55,188.5518803659671,158,89,69,partially_filled,0.0,0.0,0.1673525710699999,0.0,0.0445,0.000997 participation; linear impact 0.099728 bps
volume-aware,2019-10-09T09:35:00-04:00,True,short,186.69,186.68815088414368,159,68,91,partially_filled,0.0,0.0,0.12573987822996474,0.0,0.034,0.000990 participation; linear impact 0.099047 bps
volume-aware,2019-10-10T09:35:00-04:00,True,long,187.58,187.58187242150035,158,138,20,partially_filled,0.0,0.0,0.2583941670464163,0.0,0.069,0.000998 participation; linear impact 0.099820 bps
volume-aware,2019-10-11T09:35:00-04:00,True,long,191.055,191.0568994554534,156,132,24,partially_filled,0.0,0.0,0.2507281198454482,0.0,0.066,0.000994 participation; linear impact 0.099419 bps
volume-aware,2019-10-14T09:35:00-04:00,True,long,190.96,190.96189834820106,156,151,5,partially_filled,0.0,0.0,0.28665057836005137,0.0,0.0755,0.000994 participation; linear impact 0.099411 bps
volume-aware,2019-10-15T09:35:00-04:00,True,long,192.04,192.04190872739784,155,26,129,partially_filled,0.0,0.0,0.04962691234374402,0.0,0.013000000000000001,0.000994 participation; linear impact 0.099392 bps
volume-aware,2019-10-16T09:35:00-04:00,True,long,192.94,192.94191832439125,154,106,48,partially_filled,0.0,0.0,0.20334238547255468,0.0,0.053,0.000994 participation; linear impact 0.099426 bps
volume-aware,2019-10-18T09:35:00-04:00,True,long,193.51,193.5118987014885,153,47,106,partially_filled,0.0,0.0,0.0892389699588735,0.0,0.0235,0.000981 participation; linear impact 0.098119 bps
volume-aware,2019-10-21T09:35:00-04:00,True,short,192.6,192.5980890702866,154,88,66,partially_filled,0.0,0.0,0.16816181477890274,0.0,0.044,0.000992 participation; linear impact 0.099218 bps
volume-aware,2019-10-23T09:35:00-04:00,True,short,191.26,191.2580961576747,155,50,105,partially_filled,0.0,0.0,0.09519211626518016,0.0,0.025,0.000995 participation; linear impact 0.099542 bps
volume-aware,2019-10-24T09:35:00-04:00,True,short,193.61,193.6080662481273,153,112,41,partially_filled,0.0,0.0,0.2165802097453093,0.0,0.056,0.000999 participation; linear impact 0.099879 bps
volume-aware,2019-10-25T09:35:00-04:00,True,long,193.5,193.50192586239757,153,47,106,partially_filled,0.0,0.0,0.090515532685344,0.0,0.0235,0.000995 participation; linear impact 0.099528 bps
volume-aware,2019-10-28T09:35:00-04:00,True,long,197.0,197.00195722727975,151,135,16,partially_filled,0.0,0.0,0.2642256827665384,0.0,0.0675,0.000994 participation; linear impact 0.099352 bps
volume-aware,2019-10-29T09:35:00-04:00,True,long,197.33,197.33196617580455,151,77,74,partially_filled,0.0,0.0,0.1513955369505299,0.0,0.0385,0.000996 participation; linear impact 0.099639 bps
volume-aware,2019-10-30T09:35:00-04:00,True,short,196.06,196.05804426509263,152,121,31,partially_filled,0.0,0.0,0.2366439237928789,0.0,0.0605,0.000998 participation; linear impact 0.099752 bps
volume-aware,2019-10-31T09:35:00-04:00,True,short,197.45,197.4480309269574,150,82,68,partially_filled,0.0,0.0,0.1614639894923747,0.0,0.041,0.000997 participation; linear impact 0.099725 bps
volume-aware,2019-11-01T09:35:00-04:00,True,short,197.79,197.7880432926458,150,65,85,partially_filled,0.0,0.0,0.12718597802264703,0.0,0.0325,0.000989 participation; linear impact 0.098929 bps
volume-aware,2019-11-04T09:35:00-05:00,True,long,200.32,200.3219735960591,148,59,89,partially_filled,0.0,0.0,0.1164421674876847,0.0,0.029500000000000002,0.000985 participation; linear impact 0.098522 bps
volume-aware,2019-11-05T09:35:00-05:00,True,short,200.19,200.1880087751775,148,36,112,partially_filled,0.0,0.0,0.07168409360926145,0.0,0.018000000000000002,0.000995 participation; linear impact 0.099467 bps
volume-aware,2019-11-06T09:35:00-05:00,True,short,199.57,199.5680130800382,149,148,1,partially_filled,0.0,0.0,0.29406415434498906,0.0,0.074,0.000996 participation; linear impact 0.099560 bps
volume-aware,2019-11-07T09:35:00-05:00,True,short,200.7,200.69802679120068,148,40,108,partially_filled,0.0,0.0,0.07892835197247142,0.0,0.02,0.000983 participation; linear impact 0.098316 bps
volume-aware,2019-11-08T09:35:00-05:00,True,long,200.1,200.10197428729464,148,66,82,partially_filled,0.0,0.0,0.13030296144589118,0.0,0.033,0.000987 participation; linear impact 0.098665 bps
volume-aware,2019-11-11T09:35:00-05:00,True,long,200.23,200.23198111728442,148,65,83,partially_filled,0.0,0.0,0.1287726234873278,0.0,0.0325,0.000989 participation; linear impact 0.098942 bps
volume-aware,2019-11-12T09:35:00-05:00,True,long,201.29,201.29198290224804,147,39,108,partially_filled,0.0,0.0,0.07733318767365495,0.0,0.0195,0.000985 participation; linear impact 0.098510 bps
volume-aware,2019-11-13T09:35:00-05:00,True,long,201.06,201.0620028667091,147,144,3,partially_filled,0.0,0.0,0.28841280610974296,0.0,0.07200000000000001,0.000996 participation; linear impact 0.099615 bps
volume-aware,2019-11-14T09:35:00-05:00,True,long,201.04,201.0419961654393,147,84,63,partially_filled,0.0,0.0,0.1676778969018546,0.0,0.042,0.000993 participation; linear impact 0.099292 bps
volume-aware,2019-11-15T09:35:00-05:00,True,short,202.2699,202.2679010504247,146,84,62,partially_filled,0.0,0.0,0.16791176432386648,0.0,0.042,0.000988 participation; linear impact 0.098826 bps
volume-aware,2019-11-18T09:35:00-05:00,True,short,202.28,202.27799661891174,146,101,45,partially_filled,0.0,0.0,0.20234148991459028,0.0,0.0505,0.000990 participation; linear impact 0.099040 bps
volume-aware,2019-11-19T09:35:00-05:00,True,short,203.61,203.60798226142109,145,50,95,partially_filled,0.0,0.0,0.10088692894658607,0.0,0.025,0.000991 participation; linear impact 0.099098 bps
volume-aware,2019-11-20T09:35:00-05:00,True,long,202.9,202.90201967511703,146,47,99,partially_filled,0.0,0.0,0.0949247304996082,0.0,0.0235,0.000995 participation; linear impact 0.099540 bps
volume-aware,2019-11-21T09:35:00-05:00,True,short,201.57,201.56799865745737,146,92,54,partially_filled,0.0,0.0,0.18412351392186488,0.0,0.046,0.000993 participation; linear impact 0.099288 bps
volume-aware,2019-11-22T09:35:00-05:00,True,short,202.11,202.10799735158588,146,103,43,partially_filled,0.0,0.0,0.20627278665499432,0.0,0.051500000000000004,0.000991 participation; linear impact 0.099087 bps
volume-aware,2019-11-25T09:35:00-05:00,True,long,203.24,203.24202215768912,145,123,22,partially_filled,0.0,0.0,0.24872539575968874,0.0,0.0615,0.000995 participation; linear impact 0.099496 bps
volume-aware,2019-11-26T09:35:00-05:00,True,short,204.3,204.29797990352625,145,74,71,partially_filled,0.0,0.0,0.1494871390585123,0.0,0.037,0.000989 participation; linear impact 0.098879 bps
volume-aware,2019-11-27T09:35:00-05:00,True,short,205.115,205.11296295950112,144,68,76,partially_filled,0.0,0.0,0.13851875392501936,0.0,0.034,0.000993 participation; linear impact 0.099312 bps
volume-aware,2019-11-29T09:35:00-05:00,True,short,205.495,205.49296678003836,144,48,96,partially_filled,0.0,0.0,0.09759455815966853,0.0,0.024,0.000989 participation; linear impact 0.098943 bps
volume-aware,2019-12-02T09:35:00-05:00,True,short,204.815,204.8129605675739,144,102,42,partially_filled,0.0,0.0,0.20802210746222033,0.0,0.051000000000000004,0.000996 participation; linear impact 0.099574 bps
volume-aware,2019-12-04T09:35:00-05:00,True,short,202.26,202.25798545816733,147,91,56,partially_filled,0.0,0.0,0.18332330677290834,0.0,0.0455,0.000996 participation; linear impact 0.099602 bps
volume-aware,2019-12-05T09:35:00-05:00,True,short,202.83,202.8279871319881,146,69,77,partially_filled,0.0,0.0,0.13888789282170033,0.0,0.0345,0.000992 participation; linear impact 0.099239 bps
volume-aware,2019-12-06T09:35:00-05:00,True,long,204.32,204.32203099814396,145,128,17,partially_filled,0.0,0.0,0.25996776242729225,0.0,0.064,0.000994 participation; linear impact 0.099403 bps
volume-aware,2019-12-09T09:35:00-05:00,True,long,204.9,204.9020271146694,145,54,91,partially_filled,0.0,0.0,0.10946419214773831,0.0,0.027,0.000989 participation; linear impact 0.098932 bps
volume-aware,2019-12-10T09:35:00-05:00,True,short,203.975,203.9729763451156,146,86,60,partially_filled,0.0,0.0,0.1740343200590651,0.0,0.043000000000000003,0.000992 participation; linear impact 0.099211 bps
volume-aware,2019-12-11T09:35:00-05:00,True,short,204.28,204.27795873095178,145,56,89,partially_filled,0.0,0.0,0.114311066699975,0.0,0.028,0.000999 participation; linear impact 0.099925 bps
volume-aware,2019-12-16T09:35:00-05:00,True,long,208.77,208.77207517066768,142,106,36,partially_filled,0.0,0.0,0.21996809077269314,0.0,0.053,0.000994 participation; linear impact 0.099400 bps
volume-aware,2019-12-18T09:35:00-05:00,True,long,209.7,209.70206726321376,141,39,102,partially_filled,0.0,0.0,0.08062326533707438,0.0,0.0195,0.000986 participation; linear impact 0.098582 bps
volume-aware,2019-12-19T09:35:00-05:00,True,long,209.95,209.95203351251877,141,20,121,partially_filled,0.0,0.0,0.04067025037532084,0.0,0.01,0.000969 participation; linear impact 0.096857 bps
volume-aware,2019-12-24T09:35:00-05:00,True,short,211.8,211.79788427361643,140,67,73,partially_filled,0.0,0.0,0.14175366770038167,0.0,0.0335,0.000999 participation; linear impact 0.099893 bps
volume-aware,2019-12-26T09:35:00-05:00,True,long,212.4,212.40210315960033,139,44,95,partially_filled,0.0,0.0,0.09253902241425871,0.0,0.022,0.000990 participation; linear impact 0.099019 bps
volume-aware,2020-01-06T09:35:00-05:00,True,long,213.07,213.07212740661092,140,104,36,partially_filled,0.0,0.0,0.22125028753564194,0.0,0.052000000000000005,0.000998 participation; linear impact 0.099845 bps
volume-aware,2020-01-08T09:35:00-05:00,True,long,215.81,215.81215130188605,139,75,64,partially_filled,0.0,0.0,0.16134764145300853,0.0,0.0375,0.000997 participation; linear impact 0.099685 bps
volume-aware,2020-01-13T09:35:00-05:00,True,long,219.32,219.3221906928737,137,90,47,partially_filled,0.0,0.0,0.19716235863400774,0.0,0.045,0.000999 participation; linear impact 0.099886 bps
volume-aware,2020-01-14T09:35:00-05:00,True,short,220.7,220.69780137170005,136,52,84,partially_filled,0.0,0.0,0.11432867159661289,0.0,0.026000000000000002,0.000996 participation; linear impact 0.099621 bps
volume-aware,2020-01-16T09:35:00-05:00,True,long,221.49,221.49219935456208,135,88,47,partially_filled,0.0,0.0,0.19354320146239082,0.0,0.044,0.000993 participation; linear impact 0.099298 bps
volume-aware,2020-01-17T09:35:00-05:00,True,short,222.815,222.8127901759149,134,99,35,partially_filled,0.0,0.0,0.21877258442612277,0.0,0.0495,0.000992 participation; linear impact 0.099178 bps
volume-aware,2020-01-21T09:35:00-05:00,True,long,222.95,222.95222174702857,134,96,38,partially_filled,0.0,0.0,0.2132877147454196,0.0,0.048,0.000997 participation; linear impact 0.099652 bps
volume-aware,2020-01-22T09:35:00-05:00,True,short,224.3925,224.39027876158116,133,89,44,partially_filled,0.0,0.0,0.19769021927726926,0.0,0.0445,0.000990 participation; linear impact 0.098989 bps
volume-aware,2020-01-28T09:35:00-05:00,True,short,219.55,219.54781115409156,137,125,12,partially_filled,0.0,0.0,0.2736057385547934,0.0,0.0625,0.000997 participation; linear impact 0.099697 bps
volume-aware,2020-02-06T09:35:00-05:00,True,short,228.38,228.37772582557545,134,129,5,partially_filled,0.0,0.0,0.2933685007642074,0.0,0.0645,0.000996 participation; linear impact 0.099579 bps
volume-aware,2020-02-10T09:35:00-05:00,True,long,229.28,229.2822763762277,132,121,11,partially_filled,0.0,0.0,0.275441523553207,0.0,0.0605,0.000993 participation; linear impact 0.099284 bps
volume-aware,2020-02-14T09:35:00-05:00,True,long,234.765,234.76732382468168,130,95,35,partially_filled,0.0,0.0,0.22076334476003917,0.0,0.0475,0.000990 participation; linear impact 0.098985 bps
volume-aware,2020-02-18T09:35:00-05:00,True,long,234.07,234.07232341956697,131,80,51,partially_filled,0.0,0.0,0.18587356535765248,0.0,0.04,0.000993 participation; linear impact 0.099262 bps
volume-aware,2020-02-20T09:35:00-05:00,True,long,236.7,236.70235420215636,130,94,36,partially_filled,0.0,0.0,0.22129500269809863,0.0,0.047,0.000995 participation; linear impact 0.099459 bps
volume-aware,2020-03-27T09:35:00-04:00,True,long,187.01,187.0118662172661,161,149,12,partially_filled,0.0,0.0,0.2780663726475119,0.0,0.0745,0.000998 participation; linear impact 0.099792 bps
volume-aware,2020-04-24T09:35:00-04:00,True,short,210.64,210.6379117359151,144,111,33,partially_filled,0.0,0.0,0.23179731342217139,0.0,0.0555,0.000991 participation; linear impact 0.099139 bps
volume-aware,2020-05-11T09:35:00-04:00,True,long,224.03,224.03223180824182,137,123,14,partially_filled,0.0,0.0,0.2745124137428322,0.0,0.0615,0.000996 participation; linear impact 0.099621 bps
volume-aware,2020-05-20T09:35:00-04:00,True,long,229.84,229.8422935834747,135,130,5,partially_filled,0.0,0.0,0.298165851711406,0.0,0.065,0.000998 participation; linear impact 0.099790 bps
volume-aware,2020-06-04T09:35:00-04:00,True,long,236.4,236.40234690114877,134,112,22,partially_filled,0.0,0.0,0.26285292866260107,0.0,0.056,0.000993 participation; linear impact 0.099277 bps
volume-aware,2020-06-22T09:35:00-04:00,True,short,243.76,243.75757487877908,130,103,27,partially_filled,0.0,0.0,0.24978748575292184,0.0,0.051500000000000004,0.000995 participation; linear impact 0.099488 bps
volume-aware,2020-06-23T09:35:00-04:00,True,short,248.01,248.00754043092917,128,95,33,partially_filled,0.0,0.0,0.2336590617268485,0.0,0.0475,0.000992 participation; linear impact 0.099172 bps
volume-aware,2020-06-26T09:35:00-04:00,True,short,245.59,245.58757571532885,128,73,55,partially_filled,0.0,0.0,0.1769727809930766,0.0,0.0365,0.000987 participation; linear impact 0.098713 bps
volume-aware,2020-06-30T09:35:00-04:00,True,long,243.3,243.3024283407446,130,123,7,partially_filled,0.0,0.0,0.2986859115842774,0.0,0.0615,0.000998 participation; linear impact 0.099808 bps
volume-aware,2020-07-06T09:35:00-04:00,True,long,255.79,255.79255759496573,125,109,16,partially_filled,0.0,0.0,0.2787778512654454,0.0,0.0545,0.001000 participation; linear impact 0.099988 bps
volume-aware,2020-07-17T09:35:00-04:00,True,short,259.67,259.6674192477256,120,117,3,partially_filled,0.0,0.0,0.30194801610560384,0.0,0.0585,0.000994 participation; linear impact 0.099386 bps
volume-aware,2020-08-06T09:35:00-04:00,True,long,270.89,270.89267708388763,114,78,36,partially_filled,0.0,0.0,0.2088125432361549,0.0,0.039,0.000988 participation; linear impact 0.098825 bps
volume-aware,2020-08-07T09:35:00-04:00,True,short,274.03,274.02726759361843,112,90,22,partially_filled,0.0,0.0,0.24591657434079328,0.0,0.045,0.000997 participation; linear impact 0.099712 bps
volume-aware,2020-08-17T09:35:00-04:00,True,long,274.09,274.0927356077495,113,107,6,partially_filled,0.0,0.0,0.2927100291958547,0.0,0.0535,0.000998 participation; linear impact 0.099807 bps
volume-aware,2020-09-16T09:35:00-04:00,True,short,279.67,279.66721972887484,114,88,26,partially_filled,0.0,0.0,0.24466385901491194,0.0,0.044,0.000994 participation; linear impact 0.099413 bps
volume-aware,2020-09-23T09:35:00-04:00,True,short,271.39,271.3873038416846,118,112,6,partially_filled,0.0,0.0,0.3019697313215714,0.0,0.056,0.000993 participation; linear impact 0.099346 bps
volume-aware,2020-09-29T09:35:00-04:00,True,long,276.965,276.9677536031403,117,87,30,partially_filled,0.0,0.0,0.23956347320785767,0.0,0.043500000000000004,0.000994 participation; linear impact 0.099421 bps
volume-aware,2020-09-30T09:35:00-04:00,True,long,276.75,276.75276306455424,117,114,3,partially_filled,0.0,0.0,0.31498935918656895,0.0,0.057,0.000998 participation; linear impact 0.099840 bps
volume-aware,2020-10-05T09:35:00-04:00,True,long,276.84,276.84275170972325,117,107,10,partially_filled,0.0,0.0,0.2944329403895995,0.0,0.0535,0.000994 participation; linear impact 0.099397 bps
volume-aware,2020-10-09T09:35:00-04:00,True,long,283.3399,283.34271702710134,115,85,30,partially_filled,0.0,0.0,0.23944730361194935,0.0,0.0425,0.000994 participation; linear impact 0.099422 bps
volume-aware,2020-10-22T09:35:00-04:00,True,long,285.57,285.57284727360917,113,74,39,partially_filled,0.0,0.0,0.21069824707958876,0.0,0.037,0.000997 participation; linear impact 0.099705 bps
volume-aware,2020-10-26T09:35:00-04:00,True,long,283.35,283.3528225028897,113,106,7,partially_filled,0.0,0.0,0.2991853063065603,0.0,0.053,0.000996 participation; linear impact 0.099612 bps
volume-aware,2020-11-17T09:35:00-05:00,True,long,293.5,293.50293145940617,107,77,30,partially_filled,0.0,0.0,0.225722374275226,0.0,0.0385,0.000999 participation; linear impact 0.099879 bps
volume-aware,2020-11-20T09:35:00-05:00,True,short,292.11,292.1071233089186,107,64,43,partially_filled,0.0,0.0,0.18410822921154674,0.0,0.032,0.000985 participation; linear impact 0.098480 bps
volume-aware,2020-11-23T09:35:00-05:00,True,long,291.84,291.84290576623374,107,92,15,partially_filled,0.0,0.0,0.26733049350649346,0.0,0.046,0.000996 participation; linear impact 0.099567 bps
volume-aware,2020-11-25T09:35:00-05:00,True,long,295.65,295.6529489453983,105,89,16,partially_filled,0.0,0.0,0.26245614044918636,0.0,0.0445,0.000997 participation; linear impact 0.099744 bps
volume-aware,2020-11-27T09:35:00-05:00,True,long,298.61,298.6129690425594,104,102,2,partially_filled,0.0,0.0,0.3028423410601837,0.0,0.051000000000000004,0.000994 participation; linear impact 0.099429 bps
volume-aware,2020-12-07T09:35:00-05:00,True,long,306.21,306.21303603679183,101,65,36,partially_filled,0.0,0.0,0.19734239147014856,0.0,0.0325,0.000991 participation; linear impact 0.099149 bps
volume-aware,2020-12-08T09:35:00-05:00,True,short,306.69,306.6869685677572,101,70,31,partially_filled,0.0,0.0,0.21220025699317982,0.0,0.035,0.000988 participation; linear impact 0.098844 bps
volume-aware,2020-12-23T09:35:00-05:00,True,short,309.12,309.11691553618533,98,87,11,partially_filled,0.0,0.0,0.26834835187521505,0.0,0.043500000000000004,0.000998 participation; linear impact 0.099782 bps
volume-aware,2020-12-24T09:35:00-05:00,True,long,309.13,309.13306175729923,98,94,4,partially_filled,0.0,0.0,0.28780518612957945,0.0,0.047,0.000990 participation; linear impact 0.099044 bps
volume-aware,2020-12-31T09:35:00-05:00,True,short,312.745,312.741911922982,97,68,29,partially_filled,0.0,0.0,0.20998923722537643,0.0,0.034,0.000987 participation; linear impact 0.098741 bps
volume-aware,2021-01-04T09:35:00-05:00,True,short,314.36,314.3568909966995,96,86,10,partially_filled,0.0,0.0,0.2673742838414389,0.0,0.043000000000000003,0.000989 participation; linear impact 0.098899 bps
volume-aware,2021-01-15T09:35:00-05:00,True,long,314.65,314.6530964590106,98,56,42,partially_filled,0.0,0.0,0.17340170459537826,0.0,0.028,0.000984 participation; linear impact 0.098410 bps
volume-aware,2021-02-11T09:35:00-05:00,True,long,334.36,334.3633081501636,93,88,5,partially_filled,0.0,0.0,0.29111721439573657,0.0,0.044,0.000989 participation; linear impact 0.098940 bps
volume-aware,2021-06-02T09:35:00-04:00,True,long,333.51,333.51330188690235,96,85,11,partially_filled,0.0,0.0,0.2806603866985033,0.0,0.0425,0.000990 participation; linear impact 0.099004 bps
volume-aware,2022-11-02T09:35:00-04:00,True,short,274.03,274.02727509570923,145,140,5,partially_filled,0.0,0.0,0.3814866007060109,0.0,0.07,0.000994 participation; linear impact 0.099438 bps
volume-aware,2022-12-14T09:35:00-05:00,True,long,289.43,289.4328805425289,130,125,5,partially_filled,0.0,0.0,0.3600678161102575,0.0,0.0625,0.000995 participation; linear impact 0.099525 bps
volume-aware,2023-01-05T09:35:00-05:00,True,short,262.87,262.86737985102883,145,129,16,partially_filled,0.0,0.0,0.3379992172831303,0.0,0.0645,0.000997 participation; linear impact 0.099675 bps
volume-aware,2023-03-22T09:35:00-04:00,True,short,310.02,310.01693990337156,115,76,39,partially_filled,0.0,0.0,0.23256734375811727,0.0,0.038,0.000987 participation; linear impact 0.098706 bps
volume-aware,2023-06-26T09:35:00-04:00,True,long,362.75,362.7536213317975,100,91,9,partially_filled,0.0,0.0,0.32954119357138945,0.0,0.0455,0.000998 participation; linear impact 0.099830 bps
volume-aware,2023-09-06T09:35:00-04:00,True,short,376.6,376.59625459970164,102,82,20,partially_filled,0.0,0.0,0.3071228244654401,0.0,0.041,0.000995 participation; linear impact 0.099453 bps
volume-aware,2023-12-27T09:35:00-05:00,True,long,411.41,411.4140539661685,92,66,26,partially_filled,0.0,0.0,0.2675617671210379,0.0,0.033,0.000985 participation; linear impact 0.098538 bps
volume-aware,2023-12-29T09:35:00-05:00,True,short,411.29,411.28591564459623,92,89,3,partially_filled,0.0,0.0,0.363507630938832,0.0,0.0445,0.000993 participation; linear impact 0.099306 bps
volume-aware,2024-05-13T09:35:00-04:00,True,short,443.06,443.05562295129954,83,81,2,partially_filled,0.0,0.0,0.35454094473783715,0.0,0.0405,0.000988 participation; linear impact 0.098791 bps
volume-aware,2024-05-22T09:35:00-04:00,True,long,456.3,456.30452133908983,82,56,26,partially_filled,0.0,0.0,0.2531949890296553,0.0,0.028,0.000991 participation; linear impact 0.099087 bps
volume-aware,2024-05-24T09:35:00-04:00,True,long,455.57,455.57449533408516,83,63,20,partially_filled,0.0,0.0,0.2832060473639696,0.0,0.0315,0.000987 participation; linear impact 0.098675 bps
volume-aware,2024-06-06T09:35:00-04:00,True,short,464.23,464.22538343308594,81,54,27,partially_filled,0.0,0.0,0.24929461335887,0.0,0.027,0.000994 participation; linear impact 0.099446 bps
volume-aware,2024-06-10T09:35:00-04:00,True,long,462.3629,462.367463688023,81,67,14,partially_filled,0.0,0.0,0.3057670975397761,0.0,0.0335,0.000987 participation; linear impact 0.098704 bps
volume-aware,2024-06-11T09:35:00-04:00,True,long,464.04,464.0445862941247,81,74,7,partially_filled,0.0,0.0,0.3393857652291213,0.0,0.037,0.000988 participation; linear impact 0.098834 bps
volume-aware,2024-06-14T09:35:00-04:00,True,long,476.69,476.6947096985701,79,55,24,partially_filled,0.0,0.0,0.2590334213551771,0.0,0.0275,0.000988 participation; linear impact 0.098800 bps
volume-aware,2024-06-26T09:35:00-04:00,True,short,478.35,478.34527704824154,78,50,28,partially_filled,0.0,0.0,0.23614758792282936,0.0,0.025,0.000987 participation; linear impact 0.098734 bps
volume-aware,2024-06-27T09:35:00-04:00,True,long,481.54,481.5448112073764,78,70,8,partially_filled,0.0,0.0,0.3367845163500378,0.0,0.035,0.000999 participation; linear impact 0.099913 bps
volume-aware,2024-07-05T09:35:00-04:00,True,long,492.38,492.38489676434335,77,71,6,partially_filled,0.0,0.0,0.3476702683774093,0.0,0.035500000000000004,0.000995 participation; linear impact 0.099451 bps
volume-aware,2024-07-16T09:35:00-04:00,True,long,498.0,498.00491795294977,76,73,3,partially_filled,0.0,0.0,0.35901056533326126,0.0,0.0365,0.000988 participation; linear impact 0.098754 bps
volume-aware,2024-07-23T09:35:00-04:00,True,long,481.94,481.9447864615867,79,76,3,partially_filled,0.0,0.0,0.36377108059014934,0.0,0.038,0.000993 participation; linear impact 0.099317 bps
volume-aware,2024-07-30T09:35:00-04:00,True,short,465.63,465.6254013016448,82,78,4,partially_filled,0.0,0.0,0.3586984717069526,0.0,0.039,0.000988 participation; linear impact 0.098763 bps
volume-aware,2024-10-03T09:35:00-04:00,True,long,481.31,481.314785073143,82,77,5,partially_filled,0.0,0.0,0.3684506320124982,0.0,0.0385,0.000994 participation; linear impact 0.099418 bps
volume-aware,2024-10-07T09:35:00-04:00,True,long,485.7997,485.80452024969253,80,71,9,partially_filled,0.0,0.0,0.342237728170943,0.0,0.035500000000000004,0.000992 participation; linear impact 0.099223 bps
volume-aware,2024-10-28T09:35:00-04:00,True,short,497.51,497.50509893192304,78,57,21,partially_filled,0.0,0.0,0.2793608803857521,0.0,0.0285,0.000985 participation; linear impact 0.098512 bps
volume-aware,2024-11-08T09:35:00-05:00,True,long,513.67,513.6750436942775,77,50,27,partially_filled,0.0,0.0,0.2521847138761243,0.0,0.025,0.000982 participation; linear impact 0.098189 bps
volume-aware,2024-11-13T09:35:00-05:00,True,long,512.73,512.7350830952255,77,56,21,partially_filled,0.0,0.0,0.28465333262520576,0.0,0.028,0.000991 participation; linear impact 0.099138 bps
volume-aware,2024-11-14T09:35:00-05:00,True,long,512.52,512.5251051796874,77,51,26,partially_filled,0.0,0.0,0.2603641640625,0.0,0.025500000000000002,0.000996 participation; linear impact 0.099609 bps
volume-aware,2024-11-22T09:35:00-05:00,True,long,505.23,505.23500658414156,79,61,18,partially_filled,0.0,0.0,0.3054016326331693,0.0,0.0305,0.000991 participation; linear impact 0.099095 bps
volume-aware,2024-11-29T09:35:00-05:00,True,short,505.77,505.7649799844999,79,73,6,partially_filled,0.0,0.0,0.3664611315059552,0.0,0.0365,0.000993 participation; linear impact 0.099255 bps
volume-aware,2024-12-05T09:35:00-05:00,True,long,523.4,523.4051792359478,76,61,15,partially_filled,0.0,0.0,0.3159333928136913,0.0,0.0305,0.000990 participation; linear impact 0.098954 bps
volume-aware,2024-12-06T09:35:00-05:00,True,long,523.211,523.2161288749529,76,39,37,partially_filled,0.0,0.0,0.20002612316199572,0.0,0.0195,0.000980 participation; linear impact 0.098027 bps
volume-aware,2024-12-24T09:35:00-05:00,True,long,524.81,524.815243616328,78,69,9,partially_filled,0.0,0.0,0.361809526636644,0.0,0.0345,0.000999 participation; linear impact 0.099915 bps
volume-aware,2024-12-26T09:35:00-05:00,True,long,528.85,528.8552179158295,78,55,23,partially_filled,0.0,0.0,0.2869853706228473,0.0,0.0275,0.000987 participation; linear impact 0.098665 bps
volume-aware,2025-02-14T09:35:00-05:00,True,long,536.23,536.2353194679207,78,77,1,partially_filled,0.0,0.0,0.4095990298892038,0.0,0.0385,0.000992 participation; linear impact 0.099201 bps
volume-aware,2025-02-18T09:35:00-05:00,True,short,539.61,539.6046775275357,77,54,23,partially_filled,0.0,0.0,0.28741351306920926,0.0,0.027,0.000986 participation; linear impact 0.098636 bps
volume-aware,2025-02-20T09:35:00-05:00,True,short,537.91,537.9046331526138,77,53,24,partially_filled,0.0,0.0,0.28444291146627504,0.0,0.0265,0.000998 participation; linear impact 0.099772 bps
volume-aware,2025-03-19T09:35:00-04:00,True,short,476.42,476.4152832097888,88,78,10,partially_filled,0.0,0.0,0.36790963647441105,0.0,0.039,0.000990 participation; linear impact 0.099005 bps
volume-aware,2025-06-12T09:35:00-04:00,True,long,531.47,531.4752678344385,76,58,18,partially_filled,0.0,0.0,0.3055343974297628,0.0,0.029,0.000991 participation; linear impact 0.099118 bps
